{"recontruction_loss": 3.499447822570801, "commit_loss": 0.04359499365091324, "lr": 0.0002, "lr_mulr": 0.00023654435493480457, "_timestamp": 1711090981, "_runtime": 3, "_step": 0, "_wandb": {"runtime": 9}}