{"recontruction_loss": 0.10351251810789108, "commit_loss": 0.04505588859319687, "lr": 0.0002, "lr_mulr": 0.1, "_timestamp": 1709304126, "_runtime": 14511, "_step": 97572, "_wandb": {"runtime": 14512}}